country,population,births,deaths,rate_deaths ,migration_rate,population_mid2035,population_mid2050,infant_mortality_rate,fertility_rate,population_age_less_than15,population_age_over65,family_planning_ all,family_planning_ using,family_planning_demand,life_birth_total ,life_birth_male,life_birth_ female,hiv_males,hiv_females,percent_urban,population_per_square_arableland,gni,covid_excess_deaths,"covid_excess_deaths_100,000_Population",covid19_total_deaths,population_fully_vaccinated 
Algeria,44.9,22.0,5.0,2.0,0.0,52.0,60.0,19.0,3.0,31.0,6.0,54.0,45.0,66.0,76.0,75.0,78.0,0.1,0.1,74.0,598.0,11750.0,34794.0,79.0,14.0,16.0
Egypt,103.5,21.0,7.0,1.0,1.0,123.0,145.0,16.0,3.0,34.0,4.0,59.0,57.0,80.0,75.0,73.0,76.0,0.1,0.1,44.0,3077.0,12910.0,125551.0,122.0,18.0,35.0
Morocco,36.7,17.0,5.0,1.0,-1.0,41.0,44.0,15.0,2.0,25.0,8.0,71.0,59.0,72.0,74.0,72.0,76.0,0.1,0.1,64.0,479.0,8020.0,17374.0,47.0,6.0,63.0
Sudan,46.9,34.0,7.0,3.0,0.0,64.0,85.0,39.0,5.0,41.0,4.0,12.0,12.0,30.0,65.0,63.0,68.0,0.0,0.0,36.0,223.0,4000.0,19000.0,43.0,7.0,9.0
Tunisia,11.8,16.0,8.0,1.0,-1.0,13.0,14.0,14.0,2.0,25.0,9.0,51.0,44.0,63.0,74.0,71.0,77.0,0.1,0.1,70.0,456.0,11270.0,11911.0,100.0,14.0,54.0
Western Sahara,0.6,17.0,6.0,1.0,6.0,1.0,1.0,26.0,2.0,24.0,6.0,0.0,0.0,0.0,71.0,69.0,73.0,0.0,0.0,87.0,14400.0,0.0,0.0,0.0,0.0,0.0
Benin,13.4,36.0,9.0,3.0,0.0,19.0,25.0,54.0,5.0,42.0,3.0,16.0,12.0,26.0,60.0,58.0,62.0,1.0,1.0,49.0,477.0,3750.0,5927.0,48.0,6.0,22.0
Burkina Faso,22.7,35.0,9.0,3.0,-1.0,31.0,41.0,47.0,5.0,44.0,3.0,35.0,32.0,56.0,60.0,58.0,62.0,1.0,1.0,31.0,378.0,2330.0,11080.0,52.0,7.0,7.0
Cabo Verde,0.6,15.0,5.0,1.0,-2.0,1.0,1.0,11.0,2.0,26.0,6.0,56.0,55.0,0.0,74.0,70.0,78.0,1.0,1.0,74.0,1186.0,6890.0,464.0,83.0,13.0,0.0
Cöte d'Ivoire,28.2,34.0,9.0,3.0,-1.0,38.0,51.0,57.0,4.0,41.0,2.0,28.0,22.0,41.0,59.0,57.0,60.0,1.0,3.0,52.0,805.0,5760.0,12717.0,48.0,6.0,21.0
Gambia,2.7,33.0,8.0,3.0,-1.0,4.0,5.0,31.0,5.0,43.0,2.0,19.0,17.0,40.0,62.0,61.0,64.0,1.0,2.0,63.0,615.0,2370.0,1452.0,59.0,9.0,15.0
Ghana,33.5,28.0,8.0,2.0,0.0,42.0,52.0,32.0,4.0,37.0,4.0,31.0,25.0,0.0,64.0,62.0,66.0,1.0,2.0,58.0,1332.0,6020.0,10454.0,33.0,5.0,21.0
Guinea,13.9,34.0,10.0,2.0,0.0,18.0,24.0,64.0,4.0,42.0,3.0,11.0,11.0,32.0,59.0,58.0,60.0,1.0,2.0,37.0,447.0,2540.0,6265.0,47.0,5.0,26.0
Guinea-Bissau,2.1,31.0,9.0,2.0,-1.0,3.0,3.0,51.0,4.0,40.0,3.0,21.0,20.0,48.0,60.0,57.0,62.0,2.0,4.0,45.0,702.0,2060.0,1421.0,71.0,8.0,17.0
Liberia,5.3,31.0,9.0,2.0,-2.0,7.0,9.0,58.0,4.0,41.0,3.0,25.0,24.0,41.0,61.0,59.0,62.0,1.0,1.0,53.0,1061.0,1460.0,2022.0,39.0,5.0,28.0
Mali,22.6,42.0,9.0,3.0,-1.0,33.0,47.0,55.0,6.0,47.0,2.0,17.0,16.0,40.0,59.0,58.0,60.0,1.0,1.0,45.0,352.0,2370.0,13656.0,66.0,8.0,6.0
Mauritania,4.7,39.0,7.0,3.0,1.0,7.0,10.0,41.0,5.0,42.0,3.0,14.0,13.0,28.0,65.0,63.0,66.0,0.0,0.0,56.0,1185.0,5530.0,3474.0,74.0,12.0,29.0
Niger,26.2,45.0,8.0,4.0,0.0,42.0,67.0,40.0,7.0,49.0,2.0,14.0,13.0,35.0,62.0,61.0,63.0,0.0,0.0,17.0,148.0,1330.0,17170.0,70.0,8.0,6.0
Nigeria,218.5,37.0,12.0,2.0,0.0,292.0,378.0,72.0,5.0,43.0,3.0,17.0,12.0,34.0,54.0,53.0,54.0,1.0,2.0,53.0,624.0,5250.0,93217.0,45.0,5.0,8.0
Senegal,17.9,32.0,5.0,3.0,-1.0,24.0,31.0,33.0,4.0,41.0,3.0,27.0,26.0,53.0,70.0,68.0,71.0,0.0,0.0,49.0,560.0,3690.0,8252.0,49.0,9.0,9.0
Sierra Leone,8.7,33.0,10.0,2.0,2.0,11.0,14.0,75.0,4.0,39.0,3.0,21.0,21.0,45.0,58.0,57.0,60.0,1.0,2.0,43.0,549.0,1750.0,3943.0,49.0,6.0,21.0
Togo,8.8,32.0,8.0,2.0,0.0,12.0,16.0,44.0,4.0,40.0,3.0,24.0,21.0,37.0,62.0,61.0,62.0,1.0,3.0,43.0,334.0,2390.0,-3495.0,-42.0,-7.0,19.0
Burundi,12.9,35.0,7.0,3.0,-1.0,18.0,24.0,37.0,5.0,46.0,2.0,29.0,23.0,39.0,62.0,60.0,64.0,1.0,1.0,14.0,1074.0,800.0,4669.0,39.0,6.0,0.0
Comoros,0.8,29.0,9.0,2.0,-2.0,1.0,1.0,46.0,4.0,38.0,4.0,19.0,14.0,27.0,63.0,61.0,66.0,0.1,0.1,30.0,1268.0,3260.0,362.0,41.0,7.0,35.0
Djibouti,1.1,22.0,9.0,1.0,1.0,1.0,2.0,39.0,3.0,30.0,5.0,19.0,18.0,0.0,62.0,60.0,65.0,1.0,1.0,78.0,56042.0,5740.0,884.0,89.0,11.0,15.0
Eritrea,3.7,29.0,7.0,2.0,-4.0,5.0,6.0,29.0,4.0,39.0,4.0,8.0,7.0,20.0,67.0,64.0,69.0,0.0,1.0,42.0,534.0,0.0,1207.0,34.0,4.0,0.0
Ethiopia,123.4,32.0,7.0,3.0,0.0,166.0,215.0,47.0,4.0,40.0,3.0,41.0,41.0,0.0,65.0,62.0,68.0,1.0,1.0,22.0,762.0,2590.0,51748.0,44.0,8.0,19.0
Kenya,54.0,28.0,8.0,2.0,-1.0,69.0,85.0,30.0,3.0,38.0,3.0,65.0,61.0,77.0,61.0,59.0,64.0,3.0,5.0,28.0,932.0,4950.0,6176.0,11.0,2.0,17.0
Madagascar,29.6,35.0,7.0,3.0,0.0,41.0,56.0,47.0,4.0,39.0,3.0,50.0,43.0,66.0,65.0,63.0,68.0,0.0,0.0,39.0,988.0,1600.0,12791.0,46.0,7.0,4.0
Malawi,20.4,33.0,7.0,3.0,0.0,28.0,37.0,28.0,4.0,43.0,3.0,66.0,65.0,80.0,63.0,59.0,66.0,6.0,9.0,18.0,567.0,1630.0,8557.0,44.0,7.0,8.0
Mauritius,1.3,10.0,11.0,0.0,-1.0,1.0,1.0,14.0,1.0,17.0,12.0,64.0,32.0,42.0,74.0,71.0,78.0,2.0,1.0,41.0,1684.0,25530.0,471.0,37.0,4.0,74.0
Mayotte,0.3,34.0,3.0,3.0,7.0,0.0,1.0,4.0,4.0,44.0,3.0,0.0,0.0,0.0,73.0,73.0,74.0,0.0,0.0,46.0,1768.0,0.0,0.0,0.0,0.0,0.0
Mozambique,33.0,37.0,9.0,3.0,0.0,46.0,63.0,52.0,5.0,44.0,3.0,27.0,25.0,50.0,59.0,56.0,62.0,0.0,0.0,38.0,584.0,1310.0,21366.0,67.0,7.0,68.0
Réunion,0.9,16.0,7.0,1.0,-6.0,1.0,1.0,7.0,3.0,22.0,14.0,0.0,0.0,0.0,80.0,77.0,83.0,0.0,0.0,100.0,2569.0,0.0,0.0,0.0,0.0,0.0
Rwanda,13.8,30.0,6.0,2.0,0.0,18.0,23.0,29.0,4.0,38.0,3.0,64.0,58.0,75.0,66.0,64.0,68.0,2.0,3.0,18.0,1196.0,2440.0,2701.0,21.0,4.0,66.0
Seychelles,0.1,17.0,9.0,1.0,0.0,0.0,0.0,11.0,3.0,22.0,12.0,0.0,0.0,0.0,74.0,71.0,76.0,0.0,0.0,58.0,66742.0,28050.0,4.0,4.0,0.0,82.0
Somalia,17.6,44.0,12.0,3.0,-1.0,26.0,37.0,71.0,6.0,47.0,3.0,7.0,1.0,2.0,55.0,53.0,57.0,0.1,0.1,47.0,1600.0,1300.0,17731.0,110.0,10.0,10.0
South Sudan,10.9,29.0,11.0,2.0,-3.0,14.0,18.0,64.0,5.0,44.0,3.0,0.0,9.0,0.0,55.0,53.0,56.0,2.0,3.0,21.0,456.0,0.0,4583.0,41.0,5.0,9.0
Tanzania,65.5,36.0,6.0,3.0,0.0,93.0,130.0,34.0,5.0,43.0,3.0,38.0,32.0,53.0,66.0,64.0,68.0,3.0,6.0,36.0,485.0,2920.0,20015.0,33.0,6.0,7.0
Uganda,47.2,37.0,6.0,3.0,1.0,66.0,88.0,30.0,5.0,45.0,2.0,50.0,43.0,60.0,63.0,60.0,65.0,4.0,7.0,26.0,685.0,2360.0,10260.0,22.0,4.0,24.0
Zambia,20.0,34.0,7.0,3.0,0.0,28.0,38.0,38.0,4.0,43.0,2.0,50.0,48.0,69.0,62.0,59.0,65.0,8.0,14.0,45.0,527.0,3300.0,11777.0,63.0,9.0,23.0
Zimbabwe,16.3,31.0,9.0,2.0,-2.0,21.0,26.0,37.0,4.0,41.0,3.0,67.0,66.0,85.0,59.0,56.0,62.0,9.0,14.0,32.0,408.0,2380.0,9316.0,62.0,7.0,31.0
Angola,35.6,39.0,8.0,3.0,1.0,51.0,72.0,48.0,5.0,45.0,3.0,14.0,13.0,24.0,62.0,59.0,65.0,1.0,2.0,67.0,726.0,6060.0,11343.0,34.0,5.0,21.0
Cameroon,27.9,35.0,9.0,3.0,0.0,38.0,51.0,48.0,5.0,42.0,3.0,19.0,15.0,36.0,60.0,59.0,62.0,2.0,4.0,58.0,450.0,3990.0,17661.0,66.0,8.0,5.0
Central African Republic,5.6,43.0,11.0,3.0,-16.0,8.0,12.0,71.0,6.0,48.0,3.0,18.0,14.0,26.0,54.0,52.0,56.0,2.0,3.0,43.0,310.0,1090.0,3123.0,64.0,5.0,22.0
Chad,17.7,43.0,12.0,3.0,0.0,26.0,37.0,65.0,6.0,48.0,2.0,8.0,7.0,17.0,53.0,51.0,55.0,1.0,1.0,24.0,341.0,1540.0,9625.0,58.0,6.0,13.0
Congo,6.0,31.0,7.0,2.0,-1.0,8.0,10.0,32.0,4.0,41.0,3.0,30.0,19.0,39.0,64.0,62.0,65.0,2.0,6.0,68.0,1086.0,2850.0,2265.0,41.0,6.0,0.0
"Congo, Dem. Rep.",99.0,42.0,10.0,3.0,-1.0,148.0,218.0,52.0,6.0,47.0,3.0,28.0,18.0,31.0,59.0,57.0,62.0,1.0,1.0,46.0,735.0,1170.0,58879.0,65.0,8.0,0.0
Equatorial Guinea,1.7,30.0,9.0,2.0,4.0,2.0,3.0,57.0,4.0,38.0,3.0,13.0,10.0,21.0,61.0,59.0,63.0,5.0,9.0,74.0,1208.0,13520.0,860.0,60.0,8.0,15.0
Gabon,2.4,27.0,7.0,2.0,1.0,3.0,4.0,29.0,4.0,36.0,4.0,31.0,19.0,34.0,66.0,63.0,68.0,2.0,5.0,90.0,735.0,14560.0,801.0,36.0,5.0,12.0
Säo Tomé and Principe,0.2,28.0,6.0,2.0,-4.0,0.0,0.0,12.0,4.0,39.0,4.0,50.0,46.0,60.0,68.0,65.0,70.0,0.0,1.0,75.0,5685.0,4490.0,96.0,43.0,9.0,42.0
Botswana,2.6,24.0,9.0,1.0,1.0,3.0,4.0,33.0,3.0,33.0,4.0,67.0,0.0,0.0,61.0,59.0,64.0,13.0,24.0,72.0,1012.0,16650.0,3707.0,156.0,15.0,64.0
Eswatini,1.2,24.0,11.0,1.0,-4.0,1.0,2.0,38.0,3.0,35.0,4.0,66.0,66.0,81.0,57.0,53.0,61.0,19.0,36.0,24.0,687.0,8870.0,1910.0,164.0,14.0,29.0
Lesotho,2.3,26.0,14.0,1.0,-1.0,3.0,3.0,68.0,3.0,34.0,4.0,65.0,65.0,80.0,53.0,50.0,56.0,16.0,26.0,29.0,387.0,3030.0,1991.0,93.0,5.0,34.0
Namibia,2.6,27.0,11.0,2.0,-2.0,3.0,4.0,28.0,3.0,36.0,4.0,56.0,55.0,75.0,59.0,56.0,63.0,8.0,15.0,53.0,321.0,9650.0,3877.0,151.0,18.0,17.0
South Africa,60.6,20.0,12.0,1.0,3.0,70.0,80.0,25.0,2.0,28.0,6.0,55.0,54.0,78.0,62.0,59.0,64.0,12.0,25.0,68.0,505.0,14140.0,119336.0,200.0,18.0,32.0
Canada,38.8,10.0,8.0,0.0,10.0,44.0,49.0,5.0,1.0,16.0,19.0,89.0,0.0,0.0,82.0,80.0,84.0,0.0,0.0,82.0,101.0,51690.0,11010.0,29.0,4.0,82.0
Belize,0.4,17.0,5.0,1.0,1.0,1.0,1.0,12.0,2.0,36.0,4.0,51.0,49.0,66.0,70.0,67.0,74.0,1.0,1.0,46.0,491.0,6600.0,349.0,87.0,14.0,53.0
Costa Rica,5.2,11.0,6.0,0.0,6.0,6.0,6.0,9.0,1.0,22.0,9.0,71.0,69.0,83.0,81.0,78.0,83.0,1.0,0.0,81.0,2133.0,21800.0,4824.0,94.0,16.0,81.0
El Salvador,6.3,16.0,9.0,1.0,-4.0,7.0,7.0,11.0,2.0,25.0,8.0,72.0,68.0,82.0,71.0,66.0,75.0,1.0,0.0,74.0,879.0,9120.0,8518.0,131.0,17.0,67.0
Guatemala,17.8,21.0,7.0,2.0,-2.0,21.0,25.0,19.0,2.0,32.0,5.0,61.0,49.0,66.0,69.0,66.0,73.0,0.0,0.0,52.0,2070.0,9580.0,24698.0,137.0,20.0,35.0
Honduras,9.6,21.0,4.0,2.0,-1.0,12.0,13.0,15.0,2.0,31.0,6.0,73.0,64.0,76.0,70.0,68.0,73.0,0.0,0.0,59.0,961.0,5740.0,11331.0,113.0,17.0,54.0
Mexico,127.5,15.0,9.0,1.0,0.0,138.0,144.0,11.0,2.0,25.0,8.0,73.0,70.0,0.0,70.0,66.0,75.0,1.0,0.0,81.0,635.0,19540.0,313109.0,242.0,29.0,63.0
Nicaragua,6.7,19.0,5.0,1.0,-3.0,8.0,9.0,13.0,2.0,30.0,6.0,80.0,77.0,90.0,77.0,74.0,80.0,0.0,0.0,59.0,448.0,5960.0,6048.0,91.0,15.0,80.0
Panama,4.4,15.0,5.0,1.0,4.0,5.0,6.0,12.0,2.0,25.0,10.0,51.0,47.0,63.0,77.0,74.0,80.0,0.0,0.0,69.0,778.0,29900.0,3822.0,88.0,15.0,72.0
CARIBBEAN,44.0,15.0,10.0,1.0,-1.0,46.0,47.0,29.0,2.0,23.0,10.0,57.0,55.0,71.0,71.0,68.0,74.0,1.0,1.0,72.0,1793.0,0.0,23144.0,59.0,7.0,46.0
Antigua and Barbuda,0.1,12.0,6.0,1.0,9.0,0.0,0.0,6.0,2.0,21.0,9.0,0.0,0.0,0.0,79.0,76.0,81.0,0.0,0.0,24.0,2524.0,19610.0,-15.0,-15.0,-2.0,63.0
Bahamas,0.4,11.0,9.0,0.0,1.0,0.0,1.0,10.0,1.0,19.0,9.0,0.0,0.0,0.0,72.0,68.0,75.0,1.0,1.0,83.0,5125.0,31870.0,502.0,127.0,15.0,40.0
Barbados,0.3,8.0,9.0,0.0,0.0,0.0,0.0,11.0,1.0,17.0,16.0,59.0,55.0,70.0,78.0,76.0,79.0,1.0,1.0,31.0,3846.0,14530.0,-178.0,-62.0,-5.0,53.0
Cuba,11.1,9.0,15.0,-1.0,0.0,11.0,10.0,8.0,2.0,16.0,16.0,69.0,68.0,87.0,74.0,71.0,76.0,1.0,0.0,77.0,381.0,0.0,9080.0,80.0,7.0,88.0
Curapao,0.1,9.0,11.0,0.0,-14.0,0.0,0.0,6.0,1.0,17.0,20.0,0.0,0.0,0.0,78.0,75.0,82.0,0.0,0.0,89.0,0.0,21480.0,0.0,0.0,0.0,0.0
Dominica,0.1,13.0,9.0,0.0,1.0,0.0,0.0,12.0,2.0,20.0,10.0,0.0,0.0,0.0,73.0,70.0,76.0,0.0,0.0,71.0,1212.0,12010.0,8.0,10.0,1.0,42.0
Dominican Republic,11.2,18.0,7.0,1.0,-1.0,12.0,13.0,27.0,2.0,27.0,7.0,70.0,68.0,84.0,73.0,69.0,76.0,1.0,1.0,83.0,1280.0,19730.0,5937.0,54.0,7.0,55.0
Grenada,0.1,16.0,8.0,1.0,-1.0,0.0,0.0,13.0,2.0,24.0,10.0,0.0,0.0,0.0,75.0,72.0,78.0,0.0,0.0,37.0,4181.0,15890.0,-134.0,-118.0,-15.0,34.0
Guadeloupe,0.4,11.0,14.0,0.0,-2.0,0.0,0.0,8.0,2.0,18.0,21.0,0.0,0.0,0.0,76.0,73.0,80.0,0.0,0.0,99.0,1703.0,0.0,0.0,0.0,0.0,0.0
Haiti,11.6,23.0,9.0,2.0,-3.0,13.0,15.0,46.0,3.0,32.0,5.0,34.0,32.0,44.0,63.0,60.0,66.0,1.0,2.0,58.0,1083.0,3130.0,4805.0,42.0,5.0,1.0
Jamaica,2.8,12.0,9.0,0.0,-2.0,3.0,3.0,11.0,1.0,20.0,7.0,73.0,68.0,83.0,71.0,68.0,73.0,1.0,1.0,57.0,2356.0,9720.0,1796.0,61.0,8.0,24.0
Martinique,0.3,10.0,14.0,0.0,-4.0,0.0,0.0,7.0,2.0,15.0,23.0,0.0,0.0,0.0,78.0,74.0,81.0,0.0,0.0,89.0,3177.0,0.0,0.0,0.0,0.0,0.0
Puerto Rico,3.2,6.0,10.0,0.0,-1.0,3.0,3.0,7.0,1.0,13.0,23.0,0.0,0.0,0.0,80.0,76.0,85.0,0.0,0.0,94.0,6466.0,23360.0,0.0,0.0,0.0,0.0
St. Kitts-Nevis,0.1,12.0,10.0,0.0,-2.0,0.0,0.0,8.0,2.0,20.0,10.0,0.0,0.0,0.0,72.0,68.0,75.0,0.0,0.0,31.0,953.0,25900.0,-104.0,-194.0,-25.0,49.0
St. Lucia,0.2,11.0,10.0,0.0,0.0,0.0,0.0,12.0,1.0,18.0,9.0,56.0,53.0,72.0,71.0,68.0,75.0,0.0,0.0,19.0,6736.0,13810.0,185.0,101.0,10.0,29.0
St. Vincent and the Grenadines,0.1,12.0,9.0,0.0,-1.0,0.0,0.0,14.0,2.0,25.0,9.0,0.0,0.0,0.0,71.0,68.0,75.0,0.0,0.0,53.0,5521.0,13950.0,248.0,222.0,21.0,28.0
Trinidad and Tobago,1.4,11.0,8.0,0.0,-1.0,1.0,1.0,16.0,2.0,21.0,9.0,40.0,38.0,58.0,76.0,74.0,78.0,1.0,1.0,53.0,5476.0,25670.0,1016.0,72.0,10.0,51.0
SOUTH AMERICA,434.0,14.0,8.0,1.0,-1.0,471.0,488.0,14.0,2.0,22.0,10.0,78.0,73.0,0.0,74.0,71.0,78.0,1.0,0.0,85.0,628.0,16521.0,740970.0,172.0,21.0,76.0
Argentina,46.2,14.0,9.0,1.0,0.0,51.0,54.0,9.0,2.0,23.0,12.0,70.0,68.0,81.0,75.0,72.0,79.0,1.0,0.0,92.0,142.0,23150.0,44941.0,99.0,11.0,83.0
Bolivia,12.2,22.0,10.0,1.0,0.0,15.0,17.0,27.0,3.0,31.0,5.0,67.0,45.0,50.0,64.0,61.0,67.0,0.0,0.0,70.0,269.0,8800.0,44015.0,375.0,33.0,51.0
Brazil,214.8,13.0,7.0,1.0,0.0,229.0,233.0,14.0,2.0,20.0,10.0,80.0,78.0,0.0,75.0,72.0,79.0,1.0,0.0,87.0,385.0,15550.0,340634.0,160.0,19.0,79.0
Chile,19.8,11.0,6.0,1.0,12.0,21.0,22.0,7.0,1.0,19.0,13.0,76.0,70.0,0.0,81.0,78.0,84.0,1.0,0.0,88.0,1657.0,27410.0,19348.0,101.0,15.0,92.0
Colombia,49.1,15.0,8.0,1.0,-1.0,52.0,52.0,12.0,2.0,23.0,11.0,81.0,76.0,86.0,75.0,71.0,79.0,1.0,0.0,82.0,1006.0,16460.0,82372.0,161.0,25.0,71.0
Ecuador,18.0,17.0,7.0,1.0,2.0,20.0,22.0,11.0,2.0,26.0,8.0,80.0,72.0,81.0,74.0,70.0,77.0,1.0,0.0,64.0,1734.0,11480.0,40434.0,228.0,34.0,79.0
French Guiana,0.3,27.0,5.0,2.0,-4.0,0.0,1.0,8.0,4.0,32.0,6.0,0.0,0.0,0.0,76.0,73.0,80.0,0.0,0.0,86.0,2232.0,0.0,0.0,0.0,0.0,0.0
Guyana,0.8,20.0,10.0,1.0,-5.0,1.0,1.0,23.0,2.0,29.0,6.0,34.0,33.0,53.0,66.0,62.0,69.0,1.0,2.0,27.0,193.0,23480.0,1406.0,178.0,14.0,47.0
Paraguay,6.8,21.0,8.0,1.0,-1.0,8.0,9.0,15.0,3.0,29.0,6.0,68.0,67.0,83.0,70.0,67.0,73.0,0.0,0.0,62.0,143.0,13630.0,9909.0,138.0,22.0,48.0
Peru,33.4,17.0,12.0,1.0,-1.0,36.0,39.0,15.0,2.0,25.0,9.0,76.0,55.0,67.0,69.0,65.0,73.0,1.0,0.0,79.0,934.0,12900.0,144834.0,437.0,49.0,83.0
Suriname,0.6,17.0,7.0,1.0,-3.0,1.0,1.0,17.0,2.0,26.0,8.0,39.0,39.0,57.0,73.0,71.0,76.0,7.0,1.0,66.0,986.0,14430.0,364.0,62.0,7.0,41.0
Uruguay,3.6,10.0,12.0,0.0,0.0,4.0,4.0,5.0,2.0,19.0,16.0,80.0,78.0,0.0,75.0,72.0,79.0,1.0,1.0,96.0,176.0,22540.0,1553.0,45.0,4.0,83.0
Venezuela,28.3,16.0,8.0,1.0,-18.0,33.0,36.0,16.0,2.0,28.0,9.0,75.0,0.0,0.0,71.0,66.0,75.0,1.0,0.0,88.0,1089.0,0.0,11163.0,39.0,6.0,50.0
Armenia,3.0,12.0,12.0,0.0,1.0,3.0,3.0,7.0,2.0,20.0,12.0,57.0,28.0,40.0,74.0,68.0,79.0,0.0,0.0,64.0,667.0,14220.0,9832.0,332.0,28.0,33.0
Azerbaijan,10.2,13.0,8.0,1.0,0.0,11.0,11.0,10.0,2.0,22.0,7.0,55.0,14.0,0.0,73.0,70.0,77.0,0.0,0.0,53.0,489.0,15460.0,28504.0,280.0,26.0,48.0
Bahrain,1.5,12.0,2.0,1.0,-6.0,2.0,2.0,6.0,2.0,20.0,4.0,0.0,0.0,0.0,79.0,78.0,80.0,0.0,0.1,90.0,92015.0,40730.0,333.0,19.0,6.0,72.0
Cyprus,1.3,10.0,7.0,0.0,2.0,1.0,1.0,2.0,1.0,16.0,15.0,0.0,0.0,0.0,81.0,79.0,83.0,0.0,0.1,67.0,1222.0,39410.0,505.0,42.0,7.0,53.0
Georgia,3.7,12.0,16.0,0.0,-1.0,4.0,3.0,9.0,2.0,20.0,15.0,41.0,33.0,51.0,73.0,69.0,78.0,0.0,0.0,59.0,1208.0,16060.0,12233.0,307.0,19.0,32.0
Iraq,44.5,27.0,5.0,2.0,-1.0,58.0,75.0,20.0,4.0,38.0,3.0,53.0,36.0,54.0,70.0,68.0,72.0,0.0,0.0,71.0,890.0,10320.0,33368.0,82.0,17.0,19.0
Israel,9.5,20.0,5.0,1.0,2.0,12.0,16.0,3.0,3.0,28.0,12.0,0.0,0.0,0.0,83.0,81.0,85.0,0.0,0.0,93.0,2507.0,44060.0,3089.0,35.0,6.0,71.0
Jordan,11.2,18.0,6.0,1.0,1.0,13.0,14.0,17.0,2.0,34.0,4.0,52.0,37.0,57.0,73.0,72.0,75.0,0.0,0.0,90.0,5429.0,10900.0,5965.0,58.0,17.0,44.0
Kuwait,4.1,12.0,2.0,1.0,-9.0,5.0,5.0,7.0,2.0,21.0,4.0,0.0,0.0,0.0,79.0,77.0,80.0,0.0,0.0,100.0,51868.0,59040.0,2120.0,49.0,19.0,78.0
Lebanon,5.5,15.0,8.0,1.0,-20.0,5.0,5.0,6.0,2.0,24.0,11.0,55.0,47.0,0.0,75.0,73.0,77.0,0.0,0.1,89.0,4057.0,10360.0,9260.0,136.0,19.0,0.0
Oman,4.6,19.0,2.0,2.0,-6.0,5.0,6.0,8.0,3.0,27.0,3.0,30.0,19.0,40.0,73.0,71.0,75.0,0.0,0.1,87.0,6127.0,28850.0,5750.0,111.0,26.0,60.0
Palestinian Territory,5.4,29.0,4.0,3.0,-2.0,7.0,9.0,12.0,4.0,39.0,4.0,57.0,43.0,61.0,73.0,71.0,76.0,0.0,0.0,77.0,7672.0,7370.0,0.0,0.0,0.0,0.0
Qatar,2.7,10.0,1.0,1.0,-11.0,3.0,3.0,5.0,2.0,16.0,2.0,38.0,34.0,69.0,79.0,78.0,81.0,0.0,0.1,99.0,12834.0,92080.0,770.0,26.0,14.0,92.0
Saudi Arabia,36.7,17.0,3.0,2.0,-4.0,43.0,49.0,6.0,2.0,24.0,3.0,25.0,21.0,0.0,77.0,76.0,79.0,0.0,0.0,85.0,1069.0,47700.0,8775.0,25.0,6.0,72.0
Syria,22.1,20.0,5.0,2.0,10.0,33.0,38.0,18.0,3.0,31.0,5.0,54.0,38.0,53.0,72.0,69.0,75.0,0.1,0.1,56.0,475.0,0.0,3657.0,20.0,5.0,10.0
Türkiye,85.2,13.0,6.0,1.0,-1.0,96.0,104.0,8.0,2.0,22.0,10.0,70.0,49.0,60.0,79.0,76.0,81.0,0.0,0.0,77.0,435.0,30020.0,132021.0,156.0,23.0,63.0
United Arab Emirates,9.4,10.0,2.0,1.0,0.0,10.0,11.0,5.0,2.0,15.0,2.0,0.0,0.0,0.0,80.0,78.0,81.0,0.0,0.0,87.0,19268.0,66680.0,1165.0,12.0,5.0,98.0
Yemen,33.7,30.0,7.0,2.0,-1.0,44.0,55.0,47.0,4.0,39.0,3.0,34.0,29.0,47.0,64.0,60.0,67.0,0.1,0.1,39.0,2910.0,0.0,16896.0,56.0,9.0,1.0
CENTRAL ASIA,78.0,25.0,6.0,2.0,0.0,91.0,105.0,14.0,3.0,31.0,5.0,54.0,51.0,0.0,72.0,69.0,75.0,0.0,0.0,48.0,641.0,12505.0,73538.0,98.0,14.0,45.0
Kazakhstan,19.2,23.0,10.0,1.0,0.0,22.0,25.0,8.0,3.0,30.0,8.0,53.0,50.0,73.0,70.0,66.0,74.0,0.0,0.0,58.0,65.0,24970.0,38108.0,202.0,22.0,50.0
Kyrgyzstan,6.8,24.0,6.0,2.0,-1.0,8.0,10.0,14.0,3.0,34.0,4.0,39.0,38.0,65.0,72.0,68.0,76.0,0.0,0.0,37.0,528.0,4840.0,6157.0,94.0,16.0,20.0
Tajikistan,10.0,27.0,5.0,2.0,0.0,12.0,15.0,27.0,3.0,36.0,3.0,29.0,27.0,52.0,72.0,70.0,74.0,0.0,0.0,28.0,1186.0,5180.0,6505.0,67.0,12.0,52.0
Turkmenistan,6.4,22.0,7.0,2.0,-1.0,7.0,8.0,35.0,3.0,31.0,5.0,50.0,47.0,80.0,69.0,66.0,73.0,0.0,0.0,53.0,331.0,15600.0,326.0,5.0,1.0,0.0
Uzbekistan,35.6,26.0,5.0,2.0,-1.0,41.0,47.0,9.0,3.0,29.0,5.0,65.0,62.0,0.0,73.0,71.0,76.0,0.0,0.0,50.0,886.0,8520.0,22443.0,67.0,12.0,46.0
Afghanistan,41.1,36.0,7.0,3.0,-5.0,56.0,74.0,45.0,5.0,43.0,2.0,19.0,18.0,0.0,62.0,59.0,65.0,0.1,0.1,26.0,525.0,2100.0,22267.0,57.0,8.0,13.0
Bangladesh,171.2,18.0,6.0,1.0,-1.0,191.0,204.0,23.0,2.0,26.0,6.0,63.0,59.0,77.0,72.0,71.0,74.0,0.1,0.1,39.0,2140.0,6960.0,70382.0,43.0,8.0,0.0
Bhutan,0.8,14.0,4.0,1.0,0.0,1.0,1.0,15.0,2.0,24.0,6.0,66.0,65.0,85.0,72.0,70.0,74.0,0.0,0.0,43.0,812.0,10440.0,-199.0,-26.0,-4.0,87.0
India,1417.2,20.0,6.0,1.0,0.0,1568.0,1671.0,28.0,2.0,25.0,7.0,67.0,56.0,74.0,70.0,68.0,71.0,0.0,0.0,35.0,912.0,7220.0,2370447.0,171.0,20.0,66.0
Iran,88.6,14.0,6.0,1.0,0.0,95.0,99.0,11.0,2.0,24.0,8.0,77.0,57.0,69.0,74.0,71.0,77.0,0.0,0.1,76.0,566.0,15760.0,116077.0,137.0,22.0,69.0
Maldives,0.6,13.0,3.0,1.0,2.0,1.0,1.0,7.0,2.0,20.0,3.0,19.0,15.0,30.0,80.0,79.0,81.0,0.0,0.0,41.0,14855.0,16520.0,123.0,23.0,8.0,71.0
Nepal,30.9,20.0,8.0,1.0,10.0,35.0,38.0,23.0,2.0,29.0,6.0,47.0,44.0,62.0,68.0,67.0,70.0,0.0,0.0,21.0,1462.0,4280.0,16257.0,55.0,8.0,0.0
Pakistan,235.8,28.0,7.0,2.0,-2.0,298.0,368.0,52.0,4.0,37.0,4.0,34.0,23.0,0.0,66.0,64.0,69.0,0.0,0.1,37.0,762.0,5800.0,115220.0,52.0,7.0,57.0
Sri Lanka,22.0,13.0,7.0,1.0,-4.0,23.0,22.0,6.0,2.0,25.0,8.0,65.0,54.0,74.0,76.0,73.0,80.0,0.0,0.0,19.0,1632.0,13790.0,-4416.0,-21.0,-3.0,68.0
Brunei,0.0,14.0,4.0,1.0,-2.0,1.0,1.0,8.0,2.0,20.0,6.0,0.0,0.0,0.0,79.0,78.0,81.0,0.0,0.0,79.0,11051.0,67580.0,-55.0,-13.0,-2.0,98.0
Cambodia,17.0,22.0,7.0,2.0,-2.0,20.0,22.0,12.0,3.0,29.0,6.0,62.0,45.0,61.0,70.0,67.0,73.0,1.0,1.0,25.0,433.0,4430.0,6259.0,37.0,6.0,86.0
Indonesia,276.0,16.0,10.0,1.0,0.0,301.0,317.0,18.0,2.0,25.0,7.0,64.0,57.0,77.0,68.0,66.0,70.0,0.0,0.0,57.0,1048.0,12560.0,514283.0,187.0,22.0,62.0
Laos,8.0,21.0,7.0,1.0,1.0,9.0,10.0,49.0,3.0,32.0,4.0,54.0,49.0,72.0,67.0,65.0,69.0,0.0,0.0,37.0,609.0,8150.0,878.0,12.0,2.0,70.0
Malaysia,33.0,14.0,5.0,1.0,7.0,37.0,40.0,6.0,2.0,24.0,7.0,52.0,34.0,0.0,76.0,73.0,78.0,1.0,0.0,75.0,3962.0,28730.0,3767.0,12.0,2.0,84.0
Myanmar,54.0,17.0,10.0,1.0,-1.0,58.0,60.0,34.0,2.0,25.0,7.0,52.0,51.0,75.0,66.0,63.0,69.0,1.0,1.0,31.0,492.0,4230.0,22094.0,40.0,6.0,50.0
Philippines,116.0,22.0,7.0,2.0,-1.0,138.0,158.0,21.0,3.0,30.0,5.0,54.0,40.0,57.0,69.0,67.0,71.0,0.0,0.0,48.0,2067.0,9450.0,92627.0,84.0,11.0,64.0
Singapore,6.0,9.0,6.0,0.0,3.0,6.0,6.0,2.0,1.0,14.0,16.0,0.0,0.0,0.0,84.0,82.0,86.0,0.0,0.0,100.0,934086.0,102450.0,738.0,13.0,3.0,85.0
Thailand,67.0,10.0,8.0,0.0,0.0,67.0,63.0,6.0,2.0,17.0,12.0,73.0,71.0,88.0,77.0,74.0,81.0,1.0,1.0,59.0,397.0,18530.0,7651.0,11.0,1.0,76.0
Timor-Leste,1.0,25.0,7.0,2.0,-2.0,2.0,2.0,33.0,3.0,35.0,5.0,26.0,24.0,47.0,68.0,66.0,70.0,0.0,0.0,32.0,1203.0,5360.0,342.0,26.0,4.0,0.0
Vietnam,99.0,15.0,7.0,1.0,0.0,106.0,108.0,10.0,2.0,22.0,9.0,73.0,60.0,72.0,74.0,69.0,78.0,0.0,0.0,37.0,1465.0,11040.0,-3106.0,-3.0,0.0,82.0
EAST ASIA,1674.0,7.0,8.0,0.0,0.0,1639.0,1533.0,6.0,1.0,18.0,15.0,81.0,77.0,0.0,79.0,76.0,82.0,0.0,0.0,68.0,3122.0,22276.0,-36170.0,-2.0,0.0,88.0
China,1437.0,8.0,7.0,0.0,0.0,1410.0,1323.0,6.0,1.0,18.0,14.0,85.0,81.0,0.0,78.0,75.0,81.0,0.0,0.0,65.0,1208.0,19170.0,-26032.0,-2.0,0.0,89.0
"China, Hong Kong SAR",7.0,5.0,7.0,0.0,-1.0,8.0,8.0,2.0,1.0,11.0,20.0,67.0,65.0,0.0,85.0,83.0,88.0,0.0,0.0,100.0,369566.0,70700.0,0.0,0.0,0.0,0.0
"China, Macao SAR",1.0,7.0,3.0,0.0,6.0,1.0,1.0,2.0,1.0,15.0,12.0,0.0,0.0,0.0,84.0,81.0,87.0,0.0,0.0,100.0,0.0,72260.0,0.0,0.0,0.0,0.0
Japan,125.0,7.0,12.0,-1.0,-1.0,115.0,102.0,2.0,1.0,12.0,29.0,40.0,33.0,0.0,85.0,82.0,88.0,0.0,0.0,92.0,3044.0,44570.0,-9736.0,-8.0,-1.0,81.0
"Korea, North",26.0,13.0,9.0,0.0,0.0,27.0,26.0,14.0,2.0,19.0,12.0,70.0,69.0,90.0,74.0,71.0,76.0,0.0,0.0,63.0,1143.0,0.0,-3549.0,-14.0,-2.0,0.0
"Korea, South",52.0,5.0,6.0,0.0,0.0,51.0,47.0,3.0,1.0,12.0,16.0,82.0,0.0,0.0,84.0,81.0,87.0,0.0,0.0,81.0,3819.0,47490.0,3144.0,6.0,1.0,0.0
Mongolia,3.0,22.0,6.0,2.0,0.0,4.0,5.0,6.0,3.0,32.0,4.0,48.0,45.0,64.0,71.0,67.0,76.0,0.0,0.0,69.0,256.0,11090.0,2.0,0.0,0.0,66.0
Taiwan,23.0,7.0,8.0,0.0,7.0,23.0,22.0,4.0,1.0,12.0,17.0,0.0,0.0,0.0,81.0,78.0,84.0,0.0,0.0,79.0,3929.0,0.0,0.0,0.0,0.0,81.0
Channel Islands,0.0,10.0,8.0,0.0,7.0,0.0,0.0,7.0,2.0,15.0,16.0,0.0,0.0,0.0,81.0,79.0,83.0,0.0,0.0,31.0,4796.0,0.0,0.0,0.0,0.0,0.0
Denmark,6.0,11.0,10.0,0.0,5.0,6.0,6.0,3.0,2.0,16.0,20.0,0.0,0.0,0.0,82.0,80.0,83.0,0.0,0.0,88.0,248.0,66720.0,1858.0,32.0,3.0,82.0
Estonia,1.0,9.0,14.0,0.0,5.0,1.0,1.0,2.0,2.0,16.0,20.0,0.0,0.0,0.0,79.0,74.0,83.0,0.0,0.0,69.0,191.0,41570.0,1687.0,127.0,10.0,64.0
Finland,6.0,9.0,10.0,0.0,4.0,6.0,6.0,2.0,2.0,15.0,23.0,86.0,82.0,0.0,82.0,79.0,84.0,0.0,0.0,87.0,248.0,55940.0,1429.0,26.0,2.0,78.0
Iceland,0.0,13.0,6.0,1.0,13.0,0.0,1.0,3.0,2.0,19.0,15.0,0.0,0.0,0.0,83.0,81.0,84.0,0.0,0.0,94.0,314.0,55920.0,-6.0,-2.0,0.0,85.0
Ireland,5.0,12.0,7.0,1.0,2.0,5.0,6.0,3.0,2.0,20.0,15.0,73.0,71.0,0.0,82.0,80.0,84.0,0.0,0.0,64.0,1138.0,79450.0,1461.0,29.0,4.0,82.0
Latvia,2.0,9.0,18.0,-1.0,-2.0,2.0,1.0,3.0,2.0,16.0,21.0,0.0,0.0,0.0,75.0,70.0,80.0,1.0,1.0,80.0,140.0,33790.0,3834.0,204.0,11.0,69.0
Lithuania,3.0,9.0,17.0,-1.0,7.0,3.0,2.0,3.0,1.0,15.0,20.0,69.0,52.0,0.0,75.0,70.0,80.0,0.0,0.0,68.0,124.0,41250.0,8628.0,319.0,17.0,69.0
Norway,5.0,10.0,8.0,0.0,4.0,6.0,6.0,2.0,2.0,17.0,18.0,0.0,0.0,0.0,83.0,82.0,85.0,0.0,0.0,82.0,676.0,82840.0,-51.0,-1.0,0.0,75.0
Sweden,11.0,11.0,9.0,0.0,4.0,11.0,12.0,2.0,2.0,18.0,20.0,0.0,0.0,0.0,83.0,81.0,85.0,0.0,0.0,88.0,413.0,61090.0,5628.0,56.0,6.0,76.0
United Kingdom,68.0,10.0,10.0,0.0,3.0,70.0,72.0,4.0,2.0,18.0,19.0,76.0,71.0,84.0,81.0,79.0,83.0,0.0,0.0,84.0,1131.0,49420.0,74449.0,109.0,11.0,74.0
Austria,9.0,10.0,10.0,0.0,6.0,9.0,10.0,3.0,2.0,14.0,19.0,79.0,0.0,0.0,81.0,79.0,84.0,0.0,0.0,59.0,681.0,58370.0,5969.0,66.0,6.0,74.0
Belgium,12.0,10.0,10.0,0.0,5.0,12.0,13.0,3.0,2.0,17.0,20.0,67.0,65.0,0.0,81.0,79.0,83.0,0.0,0.0,98.0,1343.0,59460.0,8959.0,77.0,7.0,80.0
France,66.0,11.0,10.0,0.0,2.0,69.0,71.0,3.0,2.0,17.0,21.0,78.0,73.0,0.0,82.0,79.0,86.0,0.0,0.0,81.0,366.0,51850.0,40925.0,63.0,6.0,81.0
Germany,83.0,10.0,12.0,0.0,-3.0,82.0,80.0,3.0,2.0,14.0,22.0,67.0,0.0,0.0,81.0,79.0,83.0,0.0,0.0,78.0,714.0,59680.0,97494.0,116.0,10.0,78.0
Liechtenstein,0.0,9.0,8.0,0.0,7.0,0.0,0.0,2.0,2.0,15.0,19.0,0.0,0.0,0.0,82.0,80.0,84.0,0.0,0.0,14.0,2798.0,0.0,0.0,0.0,0.0,69.0
Luxembourg,1.0,10.0,7.0,0.0,13.0,1.0,1.0,5.0,1.0,16.0,15.0,0.0,0.0,0.0,83.0,80.0,85.0,0.0,0.0,92.0,1047.0,83230.0,35.0,6.0,1.0,74.0
Monaco,0.0,25.0,16.0,1.0,11.0,0.0,0.0,4.0,2.0,13.0,36.0,0.0,0.0,0.0,86.0,84.0,88.0,0.0,0.0,100.0,0.0,0.0,32.0,81.0,6.0,65.0
Netherlands,18.0,10.0,9.0,0.0,7.0,19.0,20.0,4.0,2.0,15.0,20.0,73.0,70.0,0.0,81.0,80.0,83.0,0.0,0.0,93.0,1759.0,63360.0,14606.0,85.0,9.0,70.0
Switzerland,9.0,10.0,8.0,0.0,6.0,10.0,10.0,4.0,2.0,15.0,19.0,72.0,67.0,0.0,84.0,82.0,86.0,0.0,0.0,74.0,2193.0,75860.0,4124.0,47.0,6.0,69.0
Belarus,9.0,9.0,13.0,0.0,1.0,9.0,8.0,3.0,1.0,17.0,16.0,53.0,46.0,66.0,74.0,69.0,79.0,1.0,0.0,78.0,163.0,20870.0,24447.0,259.0,17.0,66.0
Bulgaria,7.0,9.0,22.0,-1.0,2.0,6.0,6.0,6.0,2.0,15.0,22.0,69.0,40.0,0.0,74.0,70.0,77.0,0.0,0.0,73.0,195.0,26000.0,28747.0,415.0,21.0,30.0
Czechia,11.0,11.0,13.0,0.0,5.0,11.0,11.0,2.0,2.0,16.0,21.0,86.0,78.0,86.0,77.0,74.0,81.0,0.0,0.0,74.0,424.0,42560.0,18520.0,173.0,14.0,64.0
Hungary,10.0,9.0,15.0,-1.0,0.0,10.0,9.0,3.0,2.0,15.0,20.0,62.0,54.0,0.0,76.0,72.0,79.0,0.0,0.0,72.0,241.0,35640.0,18249.0,189.0,12.0,64.0
Moldova,4.0,11.0,17.0,-1.0,-3.0,3.0,3.0,9.0,2.0,16.0,12.0,56.0,44.0,0.0,71.0,67.0,75.0,1.0,1.0,43.0,207.0,16070.0,9079.0,225.0,19.0,26.0
Poland,38.0,9.0,14.0,-1.0,14.0,37.0,34.0,4.0,1.0,15.0,19.0,62.0,0.0,0.0,77.0,73.0,81.0,0.0,0.0,60.0,348.0,35830.0,78766.0,208.0,16.0,59.0
Romania,19.0,9.0,17.0,-1.0,1.0,18.0,17.0,6.0,2.0,16.0,19.0,0.0,0.0,0.0,71.0,67.0,75.0,0.0,0.0,54.0,213.0,34820.0,53456.0,279.0,17.0,42.0
Russia,144.0,10.0,15.0,-1.0,1.0,143.0,137.0,5.0,2.0,18.0,16.0,68.0,55.0,72.0,72.0,66.0,76.0,0.0,0.0,75.0,119.0,32000.0,536163.0,367.0,23.0,51.0
Slovakia,5.0,10.0,14.0,0.0,0.0,5.0,5.0,6.0,2.0,16.0,17.0,0.0,0.0,0.0,77.0,73.0,80.0,0.0,0.0,54.0,403.0,32450.0,12160.0,223.0,18.0,51.0
Ukraine,41.0,7.0,17.0,-1.0,1.0,38.0,34.0,7.0,1.0,15.0,17.0,65.0,48.0,68.0,71.0,66.0,76.0,1.0,1.0,70.0,124.0,13860.0,99113.0,227.0,15.0,0.0
Albania,3.0,10.0,11.0,0.0,-12.0,3.0,2.0,10.0,1.0,16.0,16.0,46.0,4.0,6.0,77.0,75.0,80.0,0.0,0.0,63.0,463.0,15430.0,6345.0,221.0,15.0,43.0
Andorra,0.0,6.0,5.0,0.0,18.0,0.0,0.0,6.0,1.0,13.0,15.0,0.0,0.0,0.0,80.0,77.0,84.0,0.0,0.0,88.0,11262.0,0.0,188.0,242.0,22.0,69.0
Bosnia-Herzegovina,3.0,7.0,14.0,-1.0,-8.0,3.0,3.0,4.0,1.0,15.0,18.0,46.0,12.0,22.0,77.0,75.0,80.0,0.0,0.0,49.0,339.0,16690.0,7858.0,240.0,17.0,26.0
Croatia,4.0,9.0,17.0,-1.0,0.0,4.0,3.0,4.0,2.0,14.0,22.0,0.0,0.0,0.0,78.0,75.0,81.0,0.0,0.0,58.0,428.0,33900.0,8588.0,210.0,14.0,55.0
Greece,11.0,8.0,12.0,0.0,1.0,10.0,10.0,3.0,1.0,14.0,23.0,0.0,0.0,0.0,81.0,79.0,84.0,0.0,0.0,80.0,498.0,31410.0,9697.0,93.0,7.0,73.0
Italy,59.0,7.0,12.0,-1.0,3.0,57.0,54.0,3.0,1.0,13.0,24.0,69.0,521.0,0.0,82.0,80.0,85.0,0.0,0.0,71.0,862.0,46490.0,80401.0,133.0,11.0,79.0
Kosovo,2.0,15.0,8.0,1.0,2.0,2.0,2.0,15.0,2.0,24.0,9.0,67.0,9.0,13.0,76.0,74.0,78.0,0.0,0.0,42.0,0.0,13010.0,0.0,0.0,0.0,45.0
Malta,1.0,9.0,8.0,0.0,1.0,1.0,1.0,4.0,1.0,13.0,19.0,0.0,0.0,0.0,84.0,81.0,86.0,0.0,0.0,95.0,5711.0,44550.0,239.0,54.0,6.0,106.0
Montenegro,1.0,11.0,15.0,0.0,-2.0,1.0,1.0,3.0,2.0,18.0,16.0,21.0,12.0,28.0,76.0,73.0,79.0,0.0,0.0,68.0,6801.0,23280.0,1955.0,311.0,21.0,45.0
North Macedonia,2.0,10.0,16.0,-1.0,0.0,2.0,2.0,6.0,1.0,17.0,17.0,60.0,14.0,20.0,74.0,72.0,76.0,0.0,0.0,59.0,436.0,17060.0,7679.0,369.0,23.0,40.0
Portugal,10.0,8.0,12.0,0.0,2.0,10.0,10.0,2.0,1.0,13.0,23.0,74.0,67.0,0.0,81.0,78.0,83.0,1.0,0.0,67.0,1087.0,35470.0,10224.0,100.0,8.0,87.0
San Marino,0.0,6.0,9.0,0.0,2.0,0.0,0.0,9.0,1.0,14.0,19.0,0.0,0.0,0.0,87.0,85.0,89.0,0.0,0.0,98.0,1699.0,0.0,86.0,251.0,22.0,70.0
Serbia,7.0,9.0,20.0,-1.0,0.0,6.0,6.0,5.0,2.0,14.0,21.0,62.0,21.0,30.0,73.0,70.0,76.0,0.0,0.0,57.0,260.0,20610.0,27822.0,319.0,19.0,38.0
Slovenia,2.0,9.0,11.0,0.0,9.0,2.0,2.0,2.0,2.0,15.0,21.0,0.0,0.0,0.0,81.0,78.0,83.0,0.0,0.0,55.0,1170.0,43060.0,2791.0,134.0,12.0,59.0
Spain,47.0,7.0,9.0,0.0,3.0,48.0,50.0,3.0,1.0,14.0,20.0,62.0,60.0,0.0,83.0,80.0,86.0,1.0,0.0,81.0,408.0,40980.0,51969.0,111.0,11.0,87.0
OCEANIA,44.0,16.0,7.0,1.0,0.0,55.0,66.0,15.0,2.0,23.0,13.0,59.0,56.0,0.0,78.0,76.0,81.0,0.0,0.0,67.0,1258.0,39522.0,-8438.0,-20.0,-3.0,64.0
Australia,26.0,12.0,7.0,1.0,0.0,33.0,41.0,3.0,2.0,19.0,17.0,67.0,65.0,0.0,83.0,81.0,85.0,0.0,0.0,86.0,84.0,55290.0,-7128.0,-28.0,-4.0,85.0
Federated States of Micronesia,0.0,21.0,6.0,2.0,-6.0,0.0,0.0,30.0,3.0,30.0,6.0,0.0,0.0,0.0,70.0,69.0,72.0,0.0,0.0,23.0,5299.0,3900.0,-56.0,-48.0,-6.0,0.0
Fiji,1.0,19.0,9.0,1.0,-6.0,1.0,1.0,15.0,3.0,29.0,6.0,36.0,0.0,51.0,67.0,65.0,69.0,0.0,0.0,58.0,1174.0,11450.0,-59.0,-6.0,-1.0,71.0
French Polynesia,0.0,13.0,5.0,1.0,-1.0,0.0,0.0,5.0,2.0,21.0,10.0,0.0,0.0,0.0,77.0,75.0,79.0,0.0,0.0,62.0,11234.0,0.0,0.0,0.0,0.0,0.0
Guam,0.0,17.0,7.0,1.0,-1.0,0.0,0.0,5.0,3.0,27.0,10.0,0.0,0.0,0.0,77.0,74.0,80.0,0.0,0.0,95.0,17990.0,0.0,0.0,0.0,0.0,0.0
Kiribati,0.0,27.0,6.0,2.0,-2.0,0.0,0.0,38.0,3.0,36.0,4.0,34.0,27.0,54.0,67.0,66.0,69.0,0.0,0.0,56.0,6137.0,4050.0,-23.0,-19.0,-2.0,52.0
Marshall Islands,0.0,19.0,8.0,1.0,-44.0,0.0,0.0,24.0,3.0,32.0,5.0,45.0,42.0,81.0,65.0,64.0,67.0,0.0,0.0,78.0,2722.0,5120.0,-40.0,-67.0,-10.0,0.0
Nauru,0.0,28.0,7.0,2.0,-5.0,0.0,0.0,15.0,4.0,39.0,2.0,36.0,25.0,43.0,64.0,60.0,67.0,0.0,0.0,100.0,0.0,25110.0,-1.0,-7.0,-4.0,0.0
New Caledonia,0.0,14.0,6.0,1.0,-4.0,0.0,0.0,11.0,2.0,22.0,11.0,0.0,0.0,0.0,79.0,75.0,83.0,0.0,0.0,72.0,4595.0,0.0,0.0,0.0,0.0,0.0
New Zealand,5.0,11.0,7.0,1.0,-1.0,6.0,6.0,5.0,2.0,19.0,16.0,80.0,79.0,0.0,82.0,81.0,84.0,0.0,0.0,87.0,975.0,45440.0,-1339.0,-28.0,-4.0,85.0
Palau,0.0,15.0,13.0,0.0,0.0,0.0,0.0,15.0,2.0,21.0,10.0,0.0,0.0,0.0,66.0,62.0,71.0,0.0,0.0,81.0,5992.0,16620.0,-20.0,-111.0,-11.0,0.0
Papua New Guinea,9.0,26.0,7.0,2.0,1.0,12.0,15.0,34.0,3.0,34.0,3.0,37.0,31.0,49.0,65.0,63.0,68.0,1.0,1.0,13.0,3104.0,4340.0,381.0,4.0,1.0,3.0
Samoa,0.0,29.0,5.0,2.0,-7.0,0.0,0.0,15.0,5.0,38.0,5.0,17.0,16.0,29.0,73.0,70.0,75.0,0.0,0.0,18.0,1780.0,6300.0,-45.0,-22.0,-4.0,101.0
Solomon Islands,1.0,30.0,5.0,3.0,-1.0,1.0,1.0,16.0,4.0,39.0,3.0,29.0,24.0,38.0,70.0,69.0,72.0,0.0,0.0,25.0,3722.0,2680.0,-30.0,-4.0,-1.0,27.0
Tonga,0.0,23.0,7.0,2.0,-9.0,0.0,0.0,10.0,3.0,34.0,6.0,29.0,25.0,49.0,71.0,68.0,74.0,0.0,0.0,23.0,496.0,7260.0,-19.0,-17.0,-3.0,0.0
Tuvalu,0.0,25.0,10.0,2.0,-1.0,0.0,0.0,20.0,3.0,32.0,6.0,24.0,22.0,45.0,65.0,61.0,69.0,0.0,0.0,65.0,0.0,6770.0,-6.0,-46.0,-6.0,0.0
Vanuatu,0.0,29.0,5.0,2.0,-1.0,0.0,1.0,20.0,4.0,39.0,4.0,49.0,37.0,51.0,70.0,68.0,73.0,0.0,0.0,26.0,1540.0,3220.0,-38.0,-12.0,-2.0,43.0
WORLD,7963.0,17.0,8.0,0.9,0.0,8899.0,9752.0,29.0,2.3,25.0,10.0,63.0,55.0,0.0,72.0,70.0,75.0,0.6,0.8,57.0,2168.0,18625.0,0.0,0.0,0.0,0.0
More Developed,1270.0,10.0,12.0,-0.2,2.0,1298.0,1297.0,4.0,1.5,16.0,20.0,67.0,57.0,0.0,78.0,75.0,82.0,0.0,0.0,79.0,685.0,50865.0,1824632.0,142.0,11.0,70.0
Less Developed,6694.0,19.0,7.0,1.2,0.0,7601.0,8454.0,31.0,2.4,27.0,8.0,62.0,55.0,0.0,71.0,69.0,73.0,0.0,1.1,53.0,2450.0,12199.0,5721468.0,87.0,11.0,60.0
Least Developed High Income,1126.0,31.0,8.0,2.4,0.0,1489.0,1935.0,43.0,4.0,39.0,4.0,39.0,35.0,54.0,64.0,62.0,67.0,1.0,1.7,35.0,1004.0,3399.0,503787.0,47.0,7.0,0.0
Middle Income Upper-Middle Income,5953.0,17.0,8.0,0.9,0.0,6553.0,7030.0,27.0,2.1,25.0,9.0,65.0,58.0,0.0,72.0,69.0,74.0,0.0,0.0,54.0,1036.0,12909.0,5985461.0,102.0,13.0,64.0
Lower-Middle Income,3427.0,22.0,7.0,1.5,0.0,3964.0,4475.0,34.0,2.6,29.0,6.0,57.0,49.0,69.0,68.0,67.0,70.0,0.5,0.7,43.0,1074.0,7904.0,3931678.0,118.0,15.0,54.0
Low Income,738.0,35.0,8.0,2.7,0.0,1020.0,1372.0,46.0,4.6,42.0,3.0,34.0,30.0,47.0,62.0,60.0,65.0,1.1,1.9,34.0,754.0,2135.0,330795.0,47.0,7.0,17.0